longitude,latitude,addr:housenumber,addr:street,addr:county,addr:postcode,addr:city,addr:state
8429.9517,231227.6383,311,Stuples Hollow Road,Augusta,24430,Craigsville,VA
8383.7888,231217.7925,361,Stuples Hollow Road,Augusta,24430,Craigsville,VA
8494.6506,231136.2761,330,Stuples Hollow Road,Augusta,24430,Craigsville,VA
8460.8714,231128.5046,332,Stuples Hollow Road,Augusta,24430,Craigsville,VA
8611.1174,231104.5741,309,Stuples Hollow Road,Augusta,24430,Craigsville,VA
16710.1122,232504.4248,101,Pond Gap Lane,Augusta,24430,Craigsville,VA
14688.3863,232466.9571,459,Augusta Springs Road,Augusta,24430,Craigsville,VA
14595.6413,232452.7365,487,Augusta Springs Road,Augusta,24430,Craigsville,VA
17134.2778,232474.383,222,Pond Gap Lane,Augusta,24430,Craigsville,VA
17005.2113,232457.3867,21,Hootin Holler Lane,Augusta,24430,Craigsville,VA
16863.6222,232458.2597,30,Fridley Kent Lane,Augusta,24430,Craigsville,VA
14518.5929,232398.5995,511,Augusta Springs Road,Augusta,24430,Craigsville,VA
14708.4763,232397.3202,468,Augusta Springs Road,Augusta,24430,Craigsville,VA
14483.1504,232381.8084,513,Augusta Springs Road,Augusta,24430,Craigsville,VA
16850.7767,232393.9145,50,Fridley Kent Lane,Augusta,24430,Craigsville,VA
14434.7055,232352.4836,527,Augusta Springs Road,Augusta,24430,Craigsville,VA
16870.2732,232288.4718,85,Hootin Holler Lane,Augusta,24430,Craigsville,VA
15657.9717,232273.7717,397,Estaline Valley Road,Augusta,24430,Craigsville,VA
14302.3308,232248.3707,568,Augusta Springs Road,Augusta,24430,Craigsville,VA
17020.9742,232272.9548,64,Hootin Holler Lane,Augusta,24430,Craigsville,VA
14397.7562,232235.0361,548,Augusta Springs Road,Augusta,24430,Craigsville,VA
15623.9049,232238.4083,413,Estaline Valley Road,Augusta,24430,Craigsville,VA
13864.6204,232084.1464,694,Augusta Springs Road,Augusta,24430,Craigsville,VA
13597.0747,232041.9907,3678,Little Calf Pasture Highway,Augusta,24430,Craigsville,VA
13463.5826,232040.8765,3681,Little Calf Pasture Highway,Augusta,24430,Craigsville,VA
13608.5643,232002.5934,3680,Little Calf Pasture Highway,Augusta,24430,Craigsville,VA
12789.2765,231986.4716,3869,Little Calf Pasture Highway,Augusta,24430,Craigsville,VA
15633.5372,231978.1072,516,Estaline Valley Road,Augusta,24430,Craigsville,VA
14124.7132,231937.2954,70,Pothole Drive,Augusta,24430,Craigsville,VA
14069.4262,231878.9284,72,Pothole Drive,Augusta,24430,Craigsville,VA
14011.6749,231820.5275,74,Pothole Drive,Augusta,24430,Craigsville,VA
11692.6798,231781.5436,128,Sweet Spring Lane,Augusta,24430,Craigsville,VA
11579.7012,231749.5967,158,Sweet Spring Lane,Augusta,24430,Craigsville,VA
16070.0924,231796.6695,518,Estaline Valley Road,Augusta,24430,Craigsville,VA
14098.8464,231751.2452,111,Pothole Drive,Augusta,24430,Craigsville,VA
13048.9531,231731.7066,3827,Little Calf Pasture Highway,Augusta,24430,Craigsville,VA
13109.4442,231708.1424,3815,Little Calf Pasture Highway,Augusta,24430,Craigsville,VA
13079.2271,231694.2098,3829,Little Calf Pasture Highway,Augusta,24430,Craigsville,VA
13042.345,231674.5825,3835,Little Calf Pasture Highway,Augusta,24430,Craigsville,VA
10621.9343,231644.8361,129,Brookhollow Road,Augusta,24430,Craigsville,VA
12946.5019,231664.0369,3863,Little Calf Pasture Highway,Augusta,24430,Craigsville,VA
15173.0378,231686.6143,605,Estaline Valley Road,Augusta,24430,Craigsville,VA
13196.3644,231641.3089,913,Augusta Springs Road,Augusta,24430,Craigsville,VA
9081.909,231598.2695,650,Sulpher Springs Road,Augusta,24430,Craigsville,VA
10550.9001,231600.2551,142,Mill Creek Court,Augusta,24430,Craigsville,VA
11373.5775,231610.8157,20,Forest Trap Drive,Augusta,24430,Craigsville,VA
10585.1417,231598.4847,140,Mill Creek Court,Augusta,24430,Craigsville,VA
13373.9948,231625.8981,883,Augusta Springs Road,Augusta,24430,Craigsville,VA
10540.5475,231582.7747,144,Mill Creek Court,Augusta,24430,Craigsville,VA
13069.9347,231602.2869,963,Augusta Springs Road,Augusta,24430,Craigsville,VA
13426.103,231601.4175,872,Augusta Springs Road,Augusta,24430,Craigsville,VA
10612.3382,231558.6137,122,Brookhollow Road,Augusta,24430,Craigsville,VA
10055.4683,231550.671,463,North Hancock Street,Augusta,24430,Craigsville,VA
13397.955,231584.2301,890,Augusta Springs Road,Augusta,24430,Craigsville,VA
10670.1392,231552.5759,119,Brookhollow Road,Augusta,24430,Craigsville,VA
13662.3946,231584.0666,856,Augusta Springs Road,Augusta,24430,Craigsville,VA
13340.6981,231574.5197,902,Augusta Springs Road,Augusta,24430,Craigsville,VA
10594.7546,231541.3678,150,Mill Creek Court,Augusta,24430,Craigsville,VA
10625.9629,231531.9111,120,Brookhollow Road,Augusta,24430,Craigsville,VA
13294.4302,231561.1654,904,Augusta Springs Road,Augusta,24430,Craigsville,VA
13163.9433,231555.844,927,Augusta Springs Road,Augusta,24430,Craigsville,VA
12364.9172,231540.7849,4003,Little Calf Pasture Highway,Augusta,24430,Craigsville,VA
10687.1174,231513.1447,115,Brookhollow Road,Augusta,24430,Craigsville,VA
11411.8579,231523.399,10,Forest Trap Drive,Augusta,24430,Craigsville,VA
10599.9477,231506.4713,138,Swift Run Place,Augusta,24430,Craigsville,VA
12520.776,231515.9762,3971,Little Calf Pasture Highway,Augusta,24430,Craigsville,VA
15342.5726,231542.9285,600,Estaline Valley Road,Augusta,24430,Craigsville,VA
9419.742,231480.5447,510,Sulpher Springs Road,Augusta,24430,Craigsville,VA
10699.2379,231492.4279,113,Brookhollow Road,Augusta,24430,Craigsville,VA
10039.3326,231470.9016,400,North Hancock Street,Augusta,24430,Craigsville,VA
10707.5369,231472.3041,111,Brookhollow Road,Augusta,24430,Craigsville,VA
10652.6466,231471.3226,114,Brookhollow Road,Augusta,24430,Craigsville,VA
10493.417,231456.4906,155,North Central Avenue,Augusta,24430,Craigsville,VA
10716.9499,231454.288,109,Brookhollow Road,Augusta,24430,Craigsville,VA
11779.7642,231463.6908,22,Sweet Spring Lane,Augusta,24430,Craigsville,VA
11818.9801,231458.778,19,Sweet Spring Lane,Augusta,24430,Craigsville,VA
11752.8968,231434.795,560,East Craig Street,Augusta,24430,Craigsville,VA
10615.1357,231441.2172,134,Swift Run Place,Augusta,24430,Craigsville,VA
11712.4568,231450.347,540,East Craig Street,Augusta,24430,Craigsville,VA
10509.5571,231429.4447,145,North Central Avenue,Augusta,24430,Craigsville,VA
10724.7232,231433.4342,107,Brookhollow Road,Augusta,24430,Craigsville,VA
12275.1173,231451.2457,4043,Little Calf Pasture Highway,Augusta,24430,Craigsville,VA
10670.3147,231429.6159,110,Brookhollow Road,Augusta,24430,Craigsville,VA
11637.8549,231442.2905,490,East Craig Street,Augusta,24430,Craigsville,VA
13316.2347,231451.2567,892,Augusta Springs Road,Augusta,24430,Craigsville,VA
10457.5389,231416.4563,152,North Central Avenue,Augusta,24430,Craigsville,VA
10731.6642,231414.4451,105,Brookhollow Road,Augusta,24430,Craigsville,VA
12077.8338,231420.694,4077,Little Calf Pasture Highway,Augusta,24430,Craigsville,VA
12204.5824,231431.0767,4053,Little Calf Pasture Highway,Augusta,24430,Craigsville,VA
10095.5073,231405.0253,228,North Hancock Street,Augusta,24430,Craigsville,VA
11588.0678,231421.0581,492,East Craig Street,Augusta,24430,Craigsville,VA
10524.4563,231406.4527,135,North Central Avenue,Augusta,24430,Craigsville,VA
15440.2442,231454.3428,616,Estaline Valley Road,Augusta,24430,Craigsville,VA
11661.135,231411.8915,488,East Craig Street,Augusta,24430,Craigsville,VA
13278.4027,231428.1483,932,Augusta Springs Road,Augusta,24430,Craigsville,VA
9769.3186,231379.9445,223,Sulpher Springs Road,Augusta,24430,Craigsville,VA
10335.9103,231386.7968,110,Fourth Street,Augusta,24430,Craigsville,VA
11340.7714,231389.9518,368,East Craig Street,Augusta,24430,Craigsville,VA
10540.0309,231378.4117,125,North Central Avenue,Augusta,24430,Craigsville,VA
10059.3974,231370.237,10,Scoonover Road,Augusta,24430,Craigsville,VA
11687.6022,231385.0903,486,East Craig Street,Augusta,24430,Craigsville,VA
10283.996,231369.037,98,Fourth Street,Augusta,24430,Craigsville,VA
9608.9543,231355.7696,337,Sulpher Springs Road,Augusta,24430,Craigsville,VA
11731.7025,231387.1927,500,East Craig Street,Augusta,24430,Craigsville,VA
11270.8954,231373.561,364,East Craig Street,Augusta,24430,Craigsville,VA
11853.3652,231379.376,13,Sweet Spring Lane,Augusta,24430,Craigsville,VA
10692.6052,231364.3219,89,North Jackson Street,Augusta,24430,Craigsville,VA
10554.7008,231355.7407,115,North Central Avenue,Augusta,24430,Craigsville,VA
10637.596,231353.8307,95,North Jackson Street,Augusta,24430,Craigsville,VA
10497.0626,231349.3605,126,North Central Avenue,Augusta,24430,Craigsville,VA
11675.4013,231359.1409,484,East Craig Street,Augusta,24430,Craigsville,VA
11618.0414,231346.3249,472,East Craig Street,Augusta,24430,Craigsville,VA
10233.4235,231328.8997,70,Fourth Street,Augusta,24430,Craigsville,VA
10567.8912,231324.073,105,North Central Avenue,Augusta,24430,Craigsville,VA
10624.988,231318.0133,88,Jackson Street,Augusta,24430,Craigsville,VA
11510.0418,231322.7876,434,East Craig Street,Augusta,24430,Craigsville,VA
11127.4684,231308.5852,358,East Craig Street,Augusta,24430,Craigsville,VA
10125.6004,231299.296,176,North Hancock Street,Augusta,24430,Craigsville,VA
10182.2205,231297.3029,50,Fourth Street,Augusta,24430,Craigsville,VA
10595.2032,231302.1658,101,Central Avenue,Augusta,24430,Craigsville,VA
12651.2936,231321.9294,4002,Little Calf Pasture Highway,Augusta,24430,Craigsville,VA
11476.3363,231309.5604,430,East Craig Street,Augusta,24430,Craigsville,VA
10522.7138,231293.9405,106,North Central Avenue,Augusta,24430,Craigsville,VA
10638.8849,231292.2923,82,Jackson Street,Augusta,24430,Craigsville,VA
10353.0332,231277.1527,159,Fourth Street,Augusta,24430,Craigsville,VA
10242.5762,231279.8636,95,Fourth Street,Augusta,24430,Craigsville,VA
11427.0528,231288.2983,426,East Craig Street,Augusta,24430,Craigsville,VA
9646.1409,231263.5467,222,Sulpher Springs Road,Augusta,24430,Craigsville,VA
10605.5808,231274.5001,81,Central Avenue,Augusta,24430,Craigsville,VA
10536.8106,231270.7335,96,North Central Avenue,Augusta,24430,Craigsville,VA
10194.219,231265.2618,159,North Hancock Street,Augusta,24430,Craigsville,VA
10520.1715,231267.8599,98,North Central Avenue,Augusta,24430,Craigsville,VA
10764.0267,231263.5655,53,North Jackson Street,Augusta,24430,Craigsville,VA
10556.2946,231255.5825,86,North Central Avenue,Augusta,24430,Craigsville,VA
9809.8167,231246.4638,219,Sulpher Springs Road,Augusta,24430,Craigsville,VA
10716.4158,231256.0081,59,North Jackson Street,Augusta,24430,Craigsville,VA
10161.0722,231245.4956,162,North Hancock Street,Augusta,24430,Craigsville,VA
11283.5708,231253.4076,354,East Craig Street,Augusta,24430,Craigsville,VA
10769.4758,231246.5071,49,North Jackson Street,Augusta,24430,Craigsville,VA
10672.7349,231238.5621,66,North Jackson Street,Augusta,24430,Craigsville,VA
10223.6546,231229.6345,147,North Hancock Street,Augusta,24430,Craigsville,VA
10161.4698,231223.3728,156,North Hancock Street,Augusta,24430,Craigsville,VA
11388.6821,231235.6836,383,East Craig Street,Augusta,24430,Craigsville,VA
10781.2689,231226.1936,45,North Jackson Street,Augusta,24430,Craigsville,VA
11411.5675,231231.8235,389,East Craig Street,Augusta,24430,Craigsville,VA
10690.2923,231223.7688,58,North Jackson Street,Augusta,24430,Craigsville,VA
9861.0202,231214.1569,199,Sulpher Springs Road,Augusta,24430,Craigsville,VA
10631.7734,231220.0449,59,Central Avenue,Augusta,24430,Craigsville,VA
9920.3207,231211.4703,187,North Church Street,Augusta,24430,Craigsville,VA
10579.8241,231217.3902,76,North Central Avenue,Augusta,24430,Craigsville,VA
11347.704,231223.6942,375,East Craig Street,Augusta,24430,Craigsville,VA
10818.4659,231214.5818,32,North Jackson Street,Augusta,24430,Craigsville,VA
15132.7857,231259.0068,704,Estaline Valley Road,Augusta,24430,Craigsville,VA
10696.7335,231205.4094,178,East First Street,Augusta,24430,Craigsville,VA
10188.3656,231203.0526,146,North Hancock Street,Augusta,24430,Craigsville,VA
10598.0051,231205.1404,66,North Central Avenue,Augusta,24430,Craigsville,VA
10643.5431,231199.9773,47,North Central Avenue,Augusta,24430,Craigsville,VA
9811.0943,231187.0466,202,Sulpher Springs Road,Augusta,24430,Craigsville,VA
10682.2983,231194.2677,172,East First Street,Augusta,24430,Craigsville,VA
9970.6167,231184.0666,175,North Church Street,Augusta,24430,Craigsville,VA
10011.0378,231174.9408,165,North Church Street,Augusta,24430,Craigsville,VA
10617.24,231178.4791,54,North Central Avenue,Augusta,24430,Craigsville,VA
11412.5926,231165.6029,385,East Craig Street,Augusta,24430,Craigsville,VA
11233.7945,231187.6613,319,East Craig Street,Augusta,24430,Craigsville,VA
14417.6314,231219.3063,93,Poplar Ridge Lane,Augusta,24430,Craigsville,VA
10551.7367,231171.4583,70,North Central Avenue,Augusta,24430,Craigsville,VA
9871.9162,231163.1605,188,Sulpher Springs Road,Augusta,24430,Craigsville,VA
10767.6634,231167.7676,30,North Jackson Street,Augusta,24430,Craigsville,VA
10659.9306,231170.4965,166,East First Street,Augusta,24430,Craigsville,VA
10590.2199,231163.2127,146,East First Street,Augusta,24430,Craigsville,VA
11446.49,231170.9819,395,East Craig Street,Augusta,24430,Craigsville,VA
11175.4584,231165.0038,309,East Craig Street,Augusta,24430,Craigsville,VA
10930.4307,231160.8487,232,East Craig Street,Augusta,24430,Craigsville,VA
9938.7771,231145.9393,179,Howard Street,Augusta,24430,Craigsville,VA
10633.148,231146.6422,44,North Central Avenue,Augusta,24430,Craigsville,VA
11140.332,231153.5811,299,East Craig Street,Augusta,24430,Craigsville,VA
10233.7081,231142.5366,38,Third Avenue,Augusta,24430,Craigsville,VA
10218.907,231134.9659,32,Third Avenue,Augusta,24430,Craigsville,VA
10906.6061,231146.372,230,East Craig Street,Augusta,24430,Craigsville,VA
11162.2483,231147.4226,307,East Craig Street,Augusta,24430,Craigsville,VA
11119.5531,231142.1764,289,East Craig Street,Augusta,24430,Craigsville,VA
10278.8292,231129.079,103,North Hancock Street,Augusta,24430,Craigsville,VA
10830.0079,231140.2543,210,East Craig Street,Augusta,24430,Craigsville,VA
9717.5953,231112.4209,110,Oak Street,Augusta,24430,Craigsville,VA
10832.0475,231121.7785,208,East Craig Street,Augusta,24430,Craigsville,VA
9764.8381,231108.4802,98,Oak Street,Augusta,24430,Craigsville,VA
10182.837,231114.6323,18,Third Avenue,Augusta,24430,Craigsville,VA
9821.7267,231110.0792,80,Oak Street,Augusta,24430,Craigsville,VA
11073.1229,231112.2162,262,East Craig Street,Augusta,24430,Craigsville,VA
10704.9293,231117.9074,25,North Central Avenue,Augusta,24430,Craigsville,VA
10656.4443,231118.4693,34,North Central Avenue,Augusta,24430,Craigsville,VA
10247.1859,231109.1492,110,North Hancock Street,Augusta,24430,Craigsville,VA
10789.4978,231111.1407,194,East Craig Street,Augusta,24430,Craigsville,VA
10535.5881,231105.9582,122,East First Street,Augusta,24430,Craigsville,VA
10055.6577,231100.5846,142,North Church Street,Augusta,24430,Craigsville,VA
10373.3639,231104.8478,84,Second Street,Augusta,24430,Craigsville,VA
14947.422,231153.4049,748,Estaline Valley Road,Augusta,24430,Craigsville,VA
10512.4982,231096.0314,120,East First Street,Augusta,24430,Craigsville,VA
10160.385,231097.9256,10,Third Avenue,Augusta,24430,Craigsville,VA
10467.7042,231078.7762,100,East First Street,Augusta,24430,Craigsville,VA
10297.3499,231097.9193,97,North Hancock Street,Augusta,24430,Craigsville,VA
10253.8589,231091.7867,100,North Hancock Street,Augusta,24430,Craigsville,VA
11483.3619,231103.8754,399,East Craig Street,Augusta,24430,Craigsville,VA
10071.3307,231090.2092,134,North Church Street,Augusta,24430,Craigsville,VA
10631.2429,231097.505,145,East First Street,Augusta,24430,Craigsville,VA
10708.3186,231094.6399,17,North Central Avenue,Augusta,24430,Craigsville,VA
8726.6331,231073.7166,299,Stuples Hollow Road,Augusta,24430,Craigsville,VA
10670.1051,231092.918,24,North Central Avenue,Augusta,24430,Craigsville,VA
10756.6246,231091.9284,180,East Craig Street,Augusta,24430,Craigsville,VA
10396.8227,231078.126,69,Johnson Street,Augusta,24430,Craigsville,VA
10615.9686,231085.2608,139,East First Avenue,Augusta,24430,Craigsville,VA
10862.4286,231076.3375,210,East Railroad Avenue,Augusta,24430,Craigsville,VA
8680.7296,231053.3358,300,Stuples Hollow Road,Augusta,24430,Craigsville,VA
10115.8885,231067.3328,126,North Church Street,Augusta,24430,Craigsville,VA
10173.0097,231069.1342,109,North Church Street,Augusta,24430,Craigsville,VA
10820.5119,231069.6626,199,East Craig Street,Augusta,24430,Craigsville,VA
9152.5718,231054.5098,24,Weaver Hill Lane,Augusta,24430,Craigsville,VA
10833.8904,231069.2023,201,East Craig Street,Augusta,24430,Craigsville,VA
10788.8094,231064.3675,183,East Craig Street,Augusta,24430,Craigsville,VA
9204.1809,231043.6746,28,Weaver Hill Lane,Augusta,24430,Craigsville,VA
10278.0574,231054.8274,88,North Hancock Street,Augusta,24430,Craigsville,VA
10181.4592,231056.4815,105,North Church Street,Augusta,24430,Craigsville,VA
10724.3293,231061.8659,168,West Craig Street,Augusta,24430,Craigsville,VA
10913.2723,231077.9015,205,East Railroad Avenue,Augusta,24430,Craigsville,VA
10411.8389,231053.9898,64,Johnson Street,Augusta,24430,Craigsville,VA
14804.7464,231100.9362,787,Estaline Valley Road,Augusta,24430,Craigsville,VA
10874.9987,231040.4062,200,East Railroad Avenue,Augusta,24430,Craigsville,VA
8805.9463,231030.7254,291,Stuples Hollow Road,Augusta,24430,Craigsville,VA
10691.1253,231052.5091,16,North Central Avenue,Augusta,24430,Craigsville,VA
10774.8948,231054.0079,177,East Craig Street,Augusta,24430,Craigsville,VA
10048.9746,231042.3532,125,Howard Street,Augusta,24430,Craigsville,VA
9993.715,231041.9248,138,Howard Street,Augusta,24430,Craigsville,VA
10188.3938,231042.621,99,North Church Street,Augusta,24430,Craigsville,VA
10340.2246,231040.7247,75,North Hancock Street,Augusta,24430,Craigsville,VA
8725.9856,231020.5362,298,Stuples Hollow Road,Augusta,24430,Craigsville,VA
10150.5546,231038.0203,110,North Church Street,Augusta,24430,Craigsville,VA
10760.9935,231040.6577,173,East Craig Street,Augusta,24430,Craigsville,VA
10702.2481,231040.9115,156,East Craig Street,Augusta,24430,Craigsville,VA
9148.9559,231017.3651,17,Weaver Hill Lane,Augusta,24430,Craigsville,VA
10205.002,231030.4918,95,North Church Street,Augusta,24430,Craigsville,VA
10744.4094,231033.5122,165,East Craig Street,Augusta,24430,Craigsville,VA
9963.4547,231021.5191,60,Oak Street,Augusta,24430,Craigsville,VA
10428.3493,231027.6355,54,Johnson Street,Augusta,24430,Craigsville,VA
9559.3335,231019.1286,164,Oak Street,Augusta,24430,Craigsville,VA
10687.9132,231030.6614,150,East Craig Street,Augusta,24430,Craigsville,VA
8896.4066,231012.0507,283,Stuples Hollow Road,Augusta,24430,Craigsville,VA
10208.6479,231018.6121,89,North Church Street,Augusta,24430,Craigsville,VA
10856.3596,231023.4811,196,East Railroad Avenue,Augusta,24430,Craigsville,VA
14163.9901,231064.9497,126,Poplar Ridge Lane,Augusta,24430,Craigsville,VA
10015.5769,231012.4941,124,Howard Street,Augusta,24430,Craigsville,VA
9498.7346,231008.5889,196,Oak Street,Augusta,24430,Craigsville,VA
10673.2113,231019.6993,146,East Craig Street,Augusta,24430,Craigsville,VA
10165.3394,231009.8507,92,North Church Street,Augusta,24430,Craigsville,VA
10811.1664,231014.6325,30,South Jackson Street,Augusta,24430,Craigsville,VA
9031.6499,230990.5031,271,Stuples Hollow Road,Augusta,24430,Craigsville,VA
9924.4835,231001.2753,72,Oak Street,Augusta,24430,Craigsville,VA
10722.0814,231011.4222,157,East Craig Street,Augusta,24430,Craigsville,VA
8793.2403,230981.7623,290,Stuples Hollow Road,Augusta,24430,Craigsville,VA
10707.8416,231002.1725,151,East Craig Street,Augusta,24430,Craigsville,VA
10313.1709,230995.7498,62,North Hancock Street,Augusta,24430,Craigsville,VA
10171.5382,230993.6158,88,North Church Street,Augusta,24430,Craigsville,VA
10376.6817,230985.3066,55,North Hancock Street,Augusta,24430,Craigsville,VA
10696.313,230990.6398,145,East Craig Street,Augusta,24430,Craigsville,VA
9825.2524,230978.0114,109,Oak Street,Augusta,24430,Craigsville,VA
10238.002,230981.8996,75,North Church Street,Augusta,24430,Craigsville,VA
9973.7056,230975.7963,126,Oak Street,Augusta,24430,Craigsville,VA
9297.003,230965.9085,231,Stuples Hollow Road,Augusta,24430,Craigsville,VA
10721.9523,230974.7868,20,South Central Avenue,Augusta,24430,Craigsville,VA
10869.0503,230977.2987,189,East Railroad Avenue,Augusta,24430,Craigsville,VA
10024.0568,230962.4963,110,Howard Street,Augusta,24430,Craigsville,VA
10251.2337,230959.2313,69,North Church Street,Augusta,24430,Craigsville,VA
9601.0295,230955.7838,168,Oak Street,Augusta,24430,Craigsville,VA
10801.083,230967.4241,168,East Railroad Avenue,Augusta,24430,Craigsville,VA
9302.8502,230948.0321,233,Stuples Hollow Road,Augusta,24430,Craigsville,VA
9581.0693,230946.5393,178,Oak Street,Augusta,24430,Craigsville,VA
9114.6307,230936.2205,261,Stuples Hollow Road,Augusta,24430,Craigsville,VA
10551.0905,230951.2262,98,East Craig Street,Augusta,24430,Craigsville,VA
10109.4712,230943.1377,77,Howard Street,Augusta,24430,Craigsville,VA
10309.9243,230946.803,24,East First Street,Augusta,24430,Craigsville,VA
10396.286,230942.7407,39,North Hancock Street,Augusta,24430,Craigsville,VA
9266.3625,230933.2174,235,Stuples Hollow Road,Augusta,24430,Craigsville,VA
10056.5484,230933.7493,98,Howard Street,Augusta,24430,Craigsville,VA
9167.3113,230927.219,251,Stuples Hollow Road,Augusta,24430,Craigsville,VA
9195.8877,230920.6444,245,Stuples Hollow Road,Augusta,24430,Craigsville,VA
9477.4309,230916.0182,210,Oak Street,Augusta,24430,Craigsville,VA
9963.135,230922.1144,128,Howard Street,Augusta,24430,Craigsville,VA
10361.0428,230919.3881,34,North Hancock Street,Augusta,24430,Craigsville,VA
10809.9181,230927.5647,167,East Railroad Avenue,Augusta,24430,Craigsville,VA
10756.1322,230926.7951,148,East Railroad Avenue,Augusta,24430,Craigsville,VA
11514.6986,230935.1218,47,Lehigh Road,Augusta,24430,Craigsville,VA
9446.1022,230911.8386,218,Oak Street,Augusta,24430,Craigsville,VA
9065.4327,230906.6084,270,Stuples Hollow Road,Augusta,24430,Craigsville,VA
10272.0232,230918.2682,55,North Church Street,Augusta,24430,Craigsville,VA
10412.1506,230915.4531,27,North Hancock Street,Augusta,24430,Craigsville,VA
9408.6444,230913.9571,220,Oak Street,Augusta,24430,Craigsville,VA
10660.7108,230918.506,143,East Craig Street,Augusta,24430,Craigsville,VA
14940.5345,230988.013,732,Estaline Valley Road,Augusta,24430,Craigsville,VA
10734.265,230914.4129,140,East Railroad Avenue,Augusta,24430,Craigsville,VA
11427.611,230921.4185,49,Lehigh Road,Augusta,24430,Craigsville,VA
10231.362,230904.2485,56,North Church Street,Augusta,24430,Craigsville,VA
10506.7903,230908.8081,70,East Craig Street,Augusta,24430,Craigsville,VA
10784.5742,230907.5007,157,East Railroad Avenue,Augusta,24430,Craigsville,VA
10076.4903,230901.6518,86,Howard Street,Augusta,24430,Craigsville,VA
10602.2616,230901.5534,106,East Railroad Avenue,Augusta,24430,Craigsville,VA
9332.8998,230892.1182,203,Stuples Hollow Road,Augusta,24430,Craigsville,VA
9527.9267,230890.5994,205,Oak Street,Augusta,24430,Craigsville,VA
10420.1328,230896.5694,17,North Hancock Street,Augusta,24430,Craigsville,VA
10289.9774,230892.4997,41,North Church Street,Augusta,24430,Craigsville,VA
9359.3546,230883.7546,246,Oak Street,Augusta,24430,Craigsville,VA
9647.097,230880.1404,156,Cemetery Lane,Augusta,24430,Craigsville,VA
9482.1669,230878.9764,219,Oak Street,Augusta,24430,Craigsville,VA
10153.536,230877.473,57,Howard Street,Augusta,24430,Craigsville,VA
9573.8592,230873.5016,189,Oak Street,Augusta,24430,Craigsville,VA
10073.7165,230874.3151,58,Howard Street,Augusta,24430,Craigsville,VA
10469.3485,230879.9548,60,East Craig Street,Augusta,24430,Craigsville,VA
9265.1201,230863.7134,228,Stuples Hollow Road,Augusta,24430,Craigsville,VA
10449.8918,230874.1842,48,East Craig Street,Augusta,24430,Craigsville,VA
10302.4373,230871.7825,33,North Church Street,Augusta,24430,Craigsville,VA
9328.6744,230857.3184,200,Stuples Hollow Road,Augusta,24430,Craigsville,VA
9170.1152,230854.7283,254,Stuples Hollow Road,Augusta,24430,Craigsville,VA
9145.5609,230856.3603,252,Stuples Hollow Road,Augusta,24430,Craigsville,VA
10256.8131,230865.224,34,North Church Street,Augusta,24430,Craigsville,VA
9353.3179,230843.0139,190,North Chestnut Avenue,Augusta,24430,Craigsville,VA
9664.6786,230845.3279,144,Cemetery Lane,Augusta,24430,Craigsville,VA
10412.9063,230849.3091,32,East Craig Street,Augusta,24430,Craigsville,VA
12553.9177,230873.9162,238,Lehigh Road,Augusta,24430,Craigsville,VA
9976.0301,230843.267,85,Walnut Street,Augusta,24430,Craigsville,VA
10122.2226,230836.4563,54,Howard Street,Augusta,24430,Craigsville,VA
10453.5855,230839.4636,7,South Hancock Street,Augusta,24430,Craigsville,VA
9379.0331,230827.1313,180,North Chestnut Avenue,Augusta,24430,Craigsville,VA
9084.7409,230820.3797,260,Stuples Hollow Road,Augusta,24430,Craigsville,VA
10651.7785,230833.5304,107,East Railroad Avenue,Augusta,24430,Craigsville,VA
10185.9921,230829.191,39,Howard Street,Augusta,24430,Craigsville,VA
10365.8373,230829.3857,20,East Craig Street,Augusta,24430,Craigsville,VA
10318.4632,230829.6078,8,East Craig Street,Augusta,24430,Craigsville,VA
9689.7054,230820.1366,106,Cemetery Lane,Augusta,24430,Craigsville,VA
10071.0081,230827.1437,15,Walnut Street,Augusta,24430,Craigsville,VA
10041.0272,230822.9859,25,Walnut Street,Augusta,24430,Craigsville,VA
12505.1026,230837.5839,236,Lehigh Road,Augusta,24430,Craigsville,VA
10153.9413,230805.6494,40,Howard Street,Augusta,24430,Craigsville,VA
10198.7845,230806.7065,27,Howard Street,Augusta,24430,Craigsville,VA
10432.9517,230801.2466,31,East Craig Street,Augusta,24430,Craigsville,VA
9468.1138,230794.6873,165,North Chestnut Avenue,Augusta,24430,Craigsville,VA
10711.5687,230772.8738,77,Quarry Road,Augusta,24430,Craigsville,VA
10478.4029,230805.7879,17,South Hancock Street,Augusta,24430,Craigsville,VA
10399.3605,230801.1446,19,East Craig Street,Augusta,24430,Craigsville,VA
10551.6703,230801.8011,60,East Railroad Avenue,Augusta,24430,Craigsville,VA
9427.1508,230785.4905,5,Adams Street,Augusta,24430,Craigsville,VA
10596.6911,230778.0399,75,East Railroad Avenue,Augusta,24430,Craigsville,VA
10375.9087,230780.2383,11,East Craig Street,Augusta,24430,Craigsville,VA
10515.0313,230775.379,48,East Railroad Avenue,Augusta,24430,Craigsville,VA
10310.7659,230781.6576,10,West Craig Street,Augusta,24430,Craigsville,VA
10173.4338,230775.5529,30,Howard Street,Augusta,24430,Craigsville,VA
10459.8802,230774.7257,24,South Hancock Street,Augusta,24430,Craigsville,VA
9381.767,230755.4268,15,Adams Street,Augusta,24430,Craigsville,VA
9461.9657,230754.2464,160,North Chestnut Avenue,Augusta,24430,Craigsville,VA
10283.4498,230765.7968,18,West Craig Street,Augusta,24430,Craigsville,VA
10361.271,230762.2842,5,South Church Street,Augusta,24430,Craigsville,VA
10507.5934,230760.0933,44,East Railroad Avenue,Augusta,24430,Craigsville,VA
10178.5348,230755.2612,20,Howard Street,Augusta,24430,Craigsville,VA
10266.2013,230754.7905,24,West Craig Street,Augusta,24430,Craigsville,VA
9385.7391,230741.5856,262,North Poplar Avenue,Augusta,24430,Craigsville,VA
10371.978,230748.9328,15,South Church Street,Augusta,24430,Craigsville,VA
10186.292,230742.749,10,Howard Street,Augusta,24430,Craigsville,VA
10473.5436,230746.6749,34,East Railroad Avenue,Augusta,24430,Craigsville,VA
9047.6277,230725.6,344,Adams Street,Augusta,24430,Craigsville,VA
9538.5602,230732.0129,135,North Chestnut Avenue,Augusta,24430,Craigsville,VA
10238.254,230736.6106,42,West Craig Street,Augusta,24430,Craigsville,VA
9488.5602,230727.3564,146,North Chestnut Avenue,Augusta,24430,Craigsville,VA
10305.2773,230729.981,19,West Craig Street,Augusta,24430,Craigsville,VA
10189.6628,230714.3646,44,West Craig Street,Augusta,24430,Craigsville,VA
10431.7401,230728.9319,18,East Railroad Avenue,Augusta,24430,Craigsville,VA
9410.8488,230720.8209,260,Monroe Street,Augusta,24430,Craigsville,VA
9343.5165,230711.228,144,North Poplar Avenue,Augusta,24430,Craigsville,VA
10418.5855,230721.2774,16,East Railroad Avenue,Augusta,24430,Craigsville,VA
11230.4514,230711.9032,53,Lehigh Road,Augusta,24430,Craigsville,VA
11740.7935,230732.2245,150,Lehigh Road,Augusta,24430,Craigsville,VA
9172.8796,230705.3347,340,Adams Street,Augusta,24430,Craigsville,VA
9505.5097,230700.3023,134,North Chestnut Avenue,Augusta,24430,Craigsville,VA
10771.2552,230732.1502,80,Quarry Road,Augusta,24430,Craigsville,VA
10251.4032,230708.9589,35,West Craig Street,Augusta,24430,Craigsville,VA
9439.1176,230698.9665,255,Monroe Street,Augusta,24430,Craigsville,VA
9148.2468,230691.0223,342,Adams Street,Augusta,24430,Craigsville,VA
10234.6623,230700.4018,39,West Craig Street,Augusta,24430,Craigsville,VA
9347.6624,230690.5519,288,Monroe Street,Augusta,24430,Craigsville,VA
10328.7147,230695.9781,10,West Railroad Avenue,Augusta,24430,Craigsville,VA
10124.6344,230678.5405,74,West Craig Street,Augusta,24430,Craigsville,VA
10219.5698,230691.2107,47,West Craig Street,Augusta,24430,Craigsville,VA
9897.7523,230682.1047,58,Cemetery Lane,Augusta,24430,Craigsville,VA
10305.3093,230681.8682,26,West Railroad Avenue,Augusta,24430,Craigsville,VA
10286.7725,230682.8575,36,West Railroad Avenue,Augusta,24430,Craigsville,VA
9096.9409,230669.6316,228,Colvens Road,Augusta,24430,Craigsville,VA
9594.9233,230670.06,109,North Chestnut Avenue,Augusta,24430,Craigsville,VA
9428.0332,230656.1152,127,North Poplar Avenue,Augusta,24430,Craigsville,VA
9373.904,230668.4687,134,North Poplar Avenue,Augusta,24430,Craigsville,VA
10043.2226,230670.3102,110,West Craig Street,Augusta,24430,Craigsville,VA
11621.2076,230685.09,170,Lehigh Road,Augusta,24430,Craigsville,VA
10292.1371,230668.8165,32,West Railroad Avenue,Augusta,24430,Craigsville,VA
9262.9132,230657.3171,165,Center Avenue,Augusta,24430,Craigsville,VA
9956.53,230672.0291,35,Cemetery Lane,Augusta,24430,Craigsville,VA
10175.3199,230651.7439,69,West Craig Street,Augusta,24430,Craigsville,VA
10273.1235,230658.6316,40,West Railroad Avenue,Augusta,24430,Craigsville,VA
9567.0199,230649.6375,110,North Chestnut Avenue,Augusta,24430,Craigsville,VA
10095.9865,230657.8609,104,West Craig Street,Augusta,24430,Craigsville,VA
9615.3305,230648.8438,97,North Chestnut Avenue,Augusta,24430,Craigsville,VA
9161.9497,230643.1268,341,Adams Street,Augusta,24430,Craigsville,VA
10245.321,230648.2151,48,West Railroad Avenue,Augusta,24430,Craigsville,VA
10152.759,230648.8406,71,West Craig Street,Augusta,24430,Craigsville,VA
9631.67,230639.007,91,North Chestnut Avenue,Augusta,24430,Craigsville,VA
9924.2855,230635.9294,36,Cemetery Lane,Augusta,24430,Craigsville,VA
9199.8626,230625.9009,338,Monroe Street,Augusta,24430,Craigsville,VA
9593.709,230626.1505,98,North Chestnut Avenue,Augusta,24430,Craigsville,VA
10227.7579,230633.519,58,West Railroad Avenue,Augusta,24430,Craigsville,VA
13829.2676,230670.7838,875,Estaline Valley Road,Augusta,24430,Craigsville,VA
9283.8119,230617.4922,155,Monroe Street,Augusta,24430,Craigsville,VA
10216.6265,230628.276,60,West Railroad Avenue,Augusta,24430,Craigsville,VA
11427.3683,230640.1047,205,Lehigh Road,Augusta,24430,Craigsville,VA
9172.8309,230616.7247,350,Monroe Street,Augusta,24430,Craigsville,VA
9608.1253,230614.7059,96,North Chestnut Avenue,Augusta,24430,Craigsville,VA
9648.6705,230615.8918,85,North Chestnut Avenue,Augusta,24430,Craigsville,VA
10059.3724,230628.6746,106,West Craig Street,Augusta,24430,Craigsville,VA
10201.0264,230615.2187,64,West Railroad Avenue,Augusta,24430,Craigsville,VA
9506.7171,230603.2219,258,Madison Street,Augusta,24430,Craigsville,VA
10109.1941,230608.3523,101,West Craig Street,Augusta,24430,Craigsville,VA
10187.3923,230606.7713,68,West Railroad Avenue,Augusta,24430,Craigsville,VA
9449.1853,230598.1513,115,Poplar Avenue,Augusta,24430,Craigsville,VA
9997.1876,230598.546,124,West Craig Street,Augusta,24430,Craigsville,VA
13397.1585,230624.5284,466,Poplar Ridge Lane,Augusta,24430,Craigsville,VA
9482.3662,230586.5038,264,Madison Street,Augusta,24430,Craigsville,VA
10069.6584,230586.9609,105,West Craig Street,Augusta,24430,Craigsville,VA
9682.5469,230584.6529,69,North Chestnut Avenue,Augusta,24430,Craigsville,VA
9631.4201,230583.6969,82,North Chestnut Avenue,Augusta,24430,Craigsville,VA
14516.783,230631.3851,918,Estaline Valley Road,Augusta,24430,Craigsville,VA
9258.0975,230574.2749,156,Center Avenue,Augusta,24430,Craigsville,VA
9410.5795,230569.3968,114,North Poplar Avenue,Augusta,24430,Craigsville,VA
10081.3143,230544.8401,18,Hidy Street,Augusta,24430,Craigsville,VA
10260.5298,230581.1265,59,West Railroad Avenue,Augusta,24430,Craigsville,VA
9325.2469,230563.1773,318,Madison Street,Augusta,24430,Craigsville,VA
11392.4486,230592.8981,207,Lehigh Road,Augusta,24430,Craigsville,VA
9693.2569,230569.9623,63,North Chestnut Avenue,Augusta,24430,Craigsville,VA
9648.9248,230567.8374,72,North Chestnut Avenue,Augusta,24430,Craigsville,VA
9519.1108,230565.3685,259,Madison Street,Augusta,24430,Craigsville,VA
10238.979,230572.4061,61,West Railroad Avenue,Augusta,24430,Craigsville,VA
9951.8593,230568.48,10,Cemetery Lane,Augusta,24430,Craigsville,VA
9489.7267,230552.969,275,Madison Street,Augusta,24430,Craigsville,VA
10027.1314,230546.2901,125,West Craig Street,Augusta,24430,Craigsville,VA
9887.9158,230537.9675,166,West Craig Street,Augusta,24430,Craigsville,VA
9683.6877,230534.2953,58,North Chestnut Avenue,Augusta,24430,Craigsville,VA
10200.3348,230533.905,71,West Railroad Avenue,Augusta,24430,Craigsville,VA
9740.1345,230525.3973,41,North Chestnut Avenue,Augusta,24430,Craigsville,VA
10152.7355,230529.2574,90,West Railroad Avenue,Augusta,24430,Craigsville,VA
10003.6534,230514.8935,139,West Craig Street,Augusta,24430,Craigsville,VA
10176.481,230519.8903,89,West Railroad Avenue,Augusta,24430,Craigsville,VA
9862.5812,230518.1116,176,West Craig Street,Augusta,24430,Craigsville,VA
10116.6189,230520.4457,112,West Railroad Avenue,Augusta,24430,Craigsville,VA
9292.4968,230506.3204,334,Madison Street,Augusta,24430,Craigsville,VA
9759.8727,230508.3462,33,North Chestnut Avenue,Augusta,24430,Craigsville,VA
10161.6633,230503.2912,109,West Railroad Avenue,Augusta,24430,Craigsville,VA
9374.7149,230499.6454,98,Stillwater Village Street,Augusta,24430,Craigsville,VA
10076.8986,230487.3094,122,West Railroad Avenue,Augusta,24430,Craigsville,VA
10117.6196,230480.371,117,West Railroad Avenue,Augusta,24430,Craigsville,VA
9738.04,230474.1159,30,North Chestnut Avenue,Augusta,24430,Craigsville,VA
9219.9013,230467.9802,360,Madison Street,Augusta,24430,Craigsville,VA
10102.4811,230471.8738,119,West Railroad Avenue,Augusta,24430,Craigsville,VA
9442.1557,230462.5559,85,Stillwater Village Street,Augusta,24430,Craigsville,VA
9379.8952,230463.9207,90,Stillwater Village Street,Augusta,24430,Craigsville,VA
9807.9759,230457.7316,200,West Craig Street,Augusta,24430,Craigsville,VA
9759.7505,230457.594,20,North Chestnut Avenue,Augusta,24430,Craigsville,VA
9646.1356,230455.2574,233,Jefferson Street,Augusta,24430,Craigsville,VA
9508.684,230456.1232,75,North Poplar Avenue,Augusta,24430,Craigsville,VA
9893.8448,230454.1856,8,South Chestnut Avenue,Augusta,24430,Craigsville,VA
9404.9527,230447.3287,80,Stillwater Village Street,Augusta,24430,Craigsville,VA
9867.3631,230441.6942,6,South Chestnut Avenue,Augusta,24430,Craigsville,VA
9999.152,230444.6238,140,West Railroad Avenue,Augusta,24430,Craigsville,VA
9522.297,230437.3768,65,North Poplar Avenue,Augusta,24430,Craigsville,VA
9532.0176,230418.4999,49,North Poplar Avenue,Augusta,24430,Craigsville,VA
9937.9381,230414.525,150,West Railroad Avenue,Augusta,24430,Craigsville,VA
9817.4127,230408.9229,4,South Chestnut Avenue,Augusta,24430,Craigsville,VA
9987.4061,230401.8298,145,West Railroad Avenue,Augusta,24430,Craigsville,VA
9744.6928,230399.4808,228,West Craig Street,Augusta,24430,Craigsville,VA
9548.0696,230386.2517,41,North Poplar Avenue,Augusta,24430,Craigsville,VA
9885.5933,230385.9706,190,West Railroad Avenue,Augusta,24430,Craigsville,VA
9956.0246,230378.5428,165,West Railroad Avenue,Augusta,24430,Craigsville,VA
9855.6017,230369.1689,210,West Railroad Avenue,Augusta,24430,Craigsville,VA
9555.5818,230366.7537,35,North Poplar Avenue,Augusta,24430,Craigsville,VA
9669.4015,230361.4534,258,West Craig Street,Augusta,24430,Craigsville,VA
9936.2427,230364.4473,175,West Railroad Avenue,Augusta,24430,Craigsville,VA
9639.3136,230356.2333,262,West Craig Street,Augusta,24430,Craigsville,VA
9805.9668,230346.1952,214,West Railroad Avenue,Augusta,24430,Craigsville,VA
9578.2907,230329.6841,288,West Craig Street,Augusta,24430,Craigsville,VA
9410.4104,230296.71,330,West Craig Street,Augusta,24430,Craigsville,VA
9889.3246,230329.6192,209,West Railroad Avenue,Augusta,24430,Craigsville,VA
9861.5977,230311.8059,211,West Railroad Avenue,Augusta,24430,Craigsville,VA
9849.7338,230302.5196,213,West Railroad Avenue,Augusta,24430,Craigsville,VA
9758.6349,230298.0282,240,West Railroad Avenue,Augusta,24430,Craigsville,VA
9814.8315,230283.6049,215,West Railroad Avenue,Augusta,24430,Craigsville,VA
9710.3635,230277.9203,262,West Railroad Avenue,Augusta,24430,Craigsville,VA
9782.811,230263.8817,243,West Railroad Avenue,Augusta,24430,Craigsville,VA
9678.2514,230249.4353,278,West Railroad Avenue,Augusta,24430,Craigsville,VA
9758.94,230249.7517,255,West Railroad Avenue,Augusta,24430,Craigsville,VA
9582.3388,230239.8707,4,South Poplar Avenue,Augusta,24430,Craigsville,VA
9597.6266,230222.2051,16,South Poplar Avenue,Augusta,24430,Craigsville,VA
9708.057,230208.7025,273,West Railroad Avenue,Augusta,24430,Craigsville,VA
9639.8456,230216.7722,290,West Railroad Avenue,Augusta,24430,Craigsville,VA
9583.4877,230175.4219,316,West Railroad Avenue,Augusta,24430,Craigsville,VA
9556.757,230156.134,326,West Railroad Avenue,Augusta,24430,Craigsville,VA
9632.213,230154.6807,315,West Railroad Avenue,Augusta,24430,Craigsville,VA
9531.4966,230140.2412,336,West Railroad Avenue,Augusta,24430,Craigsville,VA
9598.4142,230131.3727,319,West Railroad Avenue,Augusta,24430,Craigsville,VA
11006.3385,230143.1406,19,Brown Ridge Lane,Augusta,24430,Craigsville,VA
9509.4197,230124.4379,344,West Railroad Avenue,Augusta,24430,Craigsville,VA
9490.9668,230109.9629,352,West Railroad Avenue,Augusta,24430,Craigsville,VA
9547.6642,230099.2495,335,West Railroad Avenue,Augusta,24430,Craigsville,VA
10906.7118,230110.8598,19,Fordwick Lane,Augusta,24430,Craigsville,VA
10980.0368,230107.2894,28,Fordwick Lane,Augusta,24430,Craigsville,VA
11228.338,230108.1713,29,Eagle Ridge Lane,Augusta,24430,Craigsville,VA
9467.1194,230085.8575,354,West Railroad Avenue,Augusta,24430,Craigsville,VA
11967.4077,230112.3939,273,Brown Ridge Lane,Augusta,24430,Craigsville,VA
11488.4744,230102.1718,117,Eagle Ridge Lane,Augusta,24430,Craigsville,VA
9524.764,230076.1423,345,West Railroad Avenue,Augusta,24430,Craigsville,VA
10894.8321,230084.44,23,Fordwick Lane,Augusta,24430,Craigsville,VA
11111.0796,230083.6886,5,Eagle Ridge Lane,Augusta,24430,Craigsville,VA
11939.5496,230092.0775,271,Brown Ridge Lane,Augusta,24430,Craigsville,VA
10969.7829,230077.699,32,Fordwick Lane,Augusta,24430,Craigsville,VA
10905.4166,230069.2224,25,Fordwick Lane,Augusta,24430,Craigsville,VA
11002.3151,230067.7689,38,Fordwick Lane,Augusta,24430,Craigsville,VA
10914.049,230050.0593,29,Fordwick Lane,Augusta,24430,Craigsville,VA
11046.7288,230048.3136,21,Brown Ridge Lane,Augusta,24430,Craigsville,VA
10996.5579,230046.8141,44,Fordwick Lane,Augusta,24430,Craigsville,VA
11016.3417,230036.984,48,Fordwick Lane,Augusta,24430,Craigsville,VA
10216.9761,230026.9395,397,Bennett Springs Lane,Augusta,24430,Craigsville,VA
10930.8462,230032.7248,37,Fordwick Lane,Augusta,24430,Craigsville,VA
11719.4929,230041.2263,16,Stokes Lane,Augusta,24430,Craigsville,VA
13593.7342,229801.5222,1257,Estaline Valley Road,Augusta,24430,Craigsville,VA
9514.9516,230003.3837,355,West Railroad Avenue,Augusta,24430,Craigsville,VA
11016.7626,230015.9514,52,Fordwick Lane,Augusta,24430,Craigsville,VA
10935.5345,230014.916,43,Fordwick Lane,Augusta,24430,Craigsville,VA
11867.8204,230017.6656,235,Brown Ridge Lane,Augusta,24430,Craigsville,VA
11036.526,230006.0576,56,Fordwick Lane,Augusta,24430,Craigsville,VA
13330.4697,230054.4391,1259,Estaline Valley Road,Augusta,24430,Craigsville,VA
13014.4675,230113.1999,1323,Estaline Valley Road,Augusta,24430,Craigsville,VA
10952.0271,230004.2496,45,Fordwick Lane,Augusta,24430,Craigsville,VA
14101.8716,230033.3787,1099,Estaline Valley Road,Augusta,24430,Craigsville,VA
10901.0146,229996.2035,52,Little River Road,Augusta,24430,Craigsville,VA
14055.2824,230018.244,1101,Estaline Valley Road,Augusta,24430,Craigsville,VA
11033.5807,229983.7634,62,Fordwick Lane,Augusta,24430,Craigsville,VA
10950.5502,229981.5561,51,Fordwick Lane,Augusta,24430,Craigsville,VA
11057.5491,229975.0629,66,Fordwick Lane,Augusta,24430,Craigsville,VA
10968.9483,229971.0887,55,Fordwick Lane,Augusta,24430,Craigsville,VA
11754.4414,229970.9487,66,Stokes Lane,Augusta,24430,Craigsville,VA
11059.1694,229954.6311,70,Fordwick Lane,Augusta,24430,Craigsville,VA
10968.463,229949.6316,61,Fordwick Lane,Augusta,24430,Craigsville,VA
11667.5539,229951.1937,34,Stokes Lane,Augusta,24430,Craigsville,VA
10989.2426,229941.4411,65,Fordwick Lane,Augusta,24430,Craigsville,VA
10987.93,229924.0187,67,Fordwick Lane,Augusta,24430,Craigsville,VA
14346.9933,229956.7889,1102,Estaline Valley Road,Augusta,24430,Craigsville,VA
11787.5166,229933.2225,75,Stokes Lane,Augusta,24430,Craigsville,VA
11718.4451,229928.5819,61,Stokes Lane,Augusta,24430,Craigsville,VA
9263.3711,229878.4318,540,Railroad Avenue,Augusta,24430,Craigsville,VA
14280.2508,229895.2299,1104,Estaline Valley Road,Augusta,24430,Craigsville,VA
13937.6735,229854.954,1171,Estaline Valley Road,Augusta,24430,Craigsville,VA
13970.4281,229834.5383,1169,Estaline Valley Road,Augusta,24430,Craigsville,VA
14829.2618,229699.7037,156,Hollow Lane,Augusta,24430,Craigsville,VA
9038.0728,229598.7594,634,Railroad Avenue,Augusta,24430,Craigsville,VA
14819.6175,229643.3424,212,Hollow Lane,Augusta,24430,Craigsville,VA
14758.3997,229640.83,205,Hollow Lane,Augusta,24430,Craigsville,VA
14834.329,229607.5421,220,Hollow Lane,Augusta,24430,Craigsville,VA
13231.0232,229574.6205,1389,J West Patterson Lane,Augusta,24430,Craigsville,VA
14443.31,229583.1785,1112,Estaline Valley Road,Augusta,24430,Craigsville,VA
14417.7905,229571.766,1114,Estaline Valley Road,Augusta,24430,Craigsville,VA
9470.2823,229510.6746,187,Bennett Springs Lane,Augusta,24430,Craigsville,VA
13203.3893,229461.5845,62,J West Patterson Lane,Augusta,24430,Craigsville,VA
8688.18,229366.2736,729,Railroad Avenue,Augusta,24430,Craigsville,VA
13298.7666,229416.8133,49,J West Patterson Lane,Augusta,24430,Craigsville,VA
13312.6887,229382.7445,1387,J West Patterson Lane,Augusta,24430,Craigsville,VA
14419.9523,229381.378,1144,Estaline Valley Road,Augusta,24430,Craigsville,VA
13260.2232,229276.5838,1399,Estaline Valley Road,Augusta,24430,Craigsville,VA
13277.3411,229221.5601,1401,Estaline Valley Road,Augusta,24430,Craigsville,VA
13278.7346,229204.4592,1403,Estaline Valley Road,Augusta,24430,Craigsville,VA
13185.2775,229145.3512,1436,Estaline Valley Road,Augusta,24430,Craigsville,VA
12938.1864,229107.9227,1490,Estaline Valley Road,Augusta,24430,Craigsville,VA
12756.5292,229083.6834,1535,Estaline Valley Road,Augusta,24430,Craigsville,VA
12850.419,229067.5183,1522,Estaline Valley Road,Augusta,24430,Craigsville,VA
12677.7065,229057.0769,1555,Estaline Valley Road,Augusta,24430,Craigsville,VA
12793.9783,229041.5083,1532,Estaline Valley Road,Augusta,24430,Craigsville,VA
12605.8421,229034.0594,1579,Estaline Valley Road,Augusta,24430,Craigsville,VA
12861.6117,229002.0759,1526,Estaline Valley Road,Augusta,24430,Craigsville,VA
13267.3592,228996.737,1414,Estaline Valley Road,Augusta,24430,Craigsville,VA
13398.796,228993.149,61,Furnace Road,Augusta,24430,Craigsville,VA
12706.1821,228958.5406,1558,Estaline Valley Road,Augusta,24430,Craigsville,VA
12598.9358,228944.2499,2149,Troxel Gap Road,Augusta,24430,Craigsville,VA
13417.6782,228947.4489,75,Furnace Road,Augusta,24430,Craigsville,VA
12435.8707,228895.3545,1638,Estaline Valley Road,Augusta,24430,Craigsville,VA
13463.6155,228902.3919,82,Furnace Road,Augusta,24430,Craigsville,VA
12563.31,228893.0923,2146,Troxel Gap Road,Augusta,24430,Craigsville,VA
13361.4422,228872.2443,100,Furnace Road,Augusta,24430,Craigsville,VA
12587.745,228862.2917,2144,Troxel Gap Road,Augusta,24430,Craigsville,VA
12681.1522,228847.1587,2123,Troxel Gap Road,Augusta,24430,Craigsville,VA
12287.7248,228840.5122,1678,Estaline Valley Road,Augusta,24430,Craigsville,VA
12602.3489,228840.2575,2134,Troxel Gap Road,Augusta,24430,Craigsville,VA
12217.5558,228826.0124,1680,Estaline Valley Road,Augusta,24430,Craigsville,VA
12734.8502,228796.0275,2117,Troxel Gap Road,Augusta,24430,Craigsville,VA
12155.7961,228786.2295,1714,Estaline Valley Road,Augusta,24430,Craigsville,VA
13596.8214,228803.5384,64,Furnace Road,Augusta,24430,Craigsville,VA
12332.3301,228765.4612,1658,Estaline Valley Road,Augusta,24430,Craigsville,VA
11574.7412,228699.7802,1821,Estaline Valley Road,Augusta,24430,Craigsville,VA
12802.5937,228765.1353,2081,Troxel Gap Road,Augusta,24430,Craigsville,VA
12732.5397,228736.9027,2094,Troxel Gap Road,Augusta,24430,Craigsville,VA
12627.4512,228732.4946,2104,Troxel Gap Road,Augusta,24430,Craigsville,VA
12842.0914,228732.9905,2067,Troxel Gap Road,Augusta,24430,Craigsville,VA
12684.5175,228716.8744,2100,Troxel Gap Road,Augusta,24430,Craigsville,VA
12913.2348,228707.7509,2049,Troxel Gap Road,Augusta,24430,Craigsville,VA
12073.7741,228696.9753,1718,Estaline Valley Road,Augusta,24430,Craigsville,VA
12412.6569,228680.6901,1648,Estaline Valley Road,Augusta,24430,Craigsville,VA
12157.2533,228599.3113,1762,Estaline Valley Road,Augusta,24430,Craigsville,VA
11923.5908,228563.6863,1782,Estaline Valley Road,Augusta,24430,Craigsville,VA
11875.3748,228534.5081,1802,Estaline Valley Road,Augusta,24430,Craigsville,VA
12581.6904,228503.3387,2102,Troxel Gap Road,Augusta,24430,Craigsville,VA
11525.0108,228394.4671,10,Sprouse Hollow Lane,Augusta,24430,Craigsville,VA
13040.771,228386.9332,1958,Troxel Gap Road,Augusta,24430,Craigsville,VA
11556.4198,228286.6872,35,Sprouse Hollow Lane,Augusta,24430,Craigsville,VA
13371.135,228302.7921,65,Sunny Acres Lane,Augusta,24430,Craigsville,VA
13247.7969,228281.6529,30,Sunny Acres Lane,Augusta,24430,Craigsville,VA
13294.2603,228266.1688,50,Sunny Acres Lane,Augusta,24430,Craigsville,VA
13139.0506,228255.3521,1927,Troxel Gap Road,Augusta,24430,Craigsville,VA
11369.66,228207.277,44,Snyder Lane,Augusta,24430,Craigsville,VA
11676.8887,228208.5319,64,Sprouse Hollow Lane,Augusta,24430,Craigsville,VA
13369.4782,228215.2504,17,Sunny Acres Lane,Augusta,24430,Craigsville,VA
12919.9963,228202.2485,1930,Troxel Gap Road,Augusta,24430,Craigsville,VA
13178.5964,228196.1059,1903,Troxel Gap Road,Augusta,24430,Craigsville,VA
13084.0215,228170.8145,1912,Troxel Gap Road,Augusta,24430,Craigsville,VA
11268.0075,228105.0789,1988,Estaline Valley Road,Augusta,24430,Craigsville,VA
13134.484,228119.3922,1902,Troxel Gap Road,Augusta,24430,Craigsville,VA
12538.0547,228063.878,1932,Troxel Gap Road,Augusta,24430,Craigsville,VA
10645.5582,228018.8092,31,Meltons Lane,Augusta,24430,Craigsville,VA
12021.4992,228017.1929,134,Sprouse Hollow Lane,Augusta,24430,Craigsville,VA
13056.08,228014.0878,1874,Troxel Gap Road,Augusta,24430,Craigsville,VA
10872.567,227961.8602,2066,Estaline Valley Road,Augusta,24430,Craigsville,VA
10424.9681,227872.3079,2228,Estaline Valley Road,Augusta,24430,Craigsville,VA
10488.3236,227856.151,2230,Estaline Valley Road,Augusta,24430,Craigsville,VA
10725.9515,227835.9478,94,Meltons Lane,Augusta,24430,Craigsville,VA
13248.9196,227827.7337,1833,Troxel Gap Road,Augusta,24430,Craigsville,VA
12031.5817,227776.473,207,Sprouse Hollow Lane,Augusta,24430,Craigsville,VA
13155.8359,227769.2704,1790,Troxel Gap Road,Augusta,24430,Craigsville,VA
13168.7498,227669.7322,1773,Troxel Gap Road,Augusta,24430,Craigsville,VA
13059.6691,227663.0473,1752,Troxel Gap Road,Augusta,24430,Craigsville,VA
10257.8567,227613.8202,2284,Estaline Valley Road,Augusta,24430,Craigsville,VA
11964.2444,227631.8582,228,Snyder Lane,Augusta,24430,Craigsville,VA
10529.9228,227583.9249,2264,Estaline Valley Road,Augusta,24430,Craigsville,VA
12238.5909,227597.0393,271,Sprouse Hollow Lane,Augusta,24430,Craigsville,VA
12999.9364,227577.8948,1740,Troxel Gap Road,Augusta,24430,Craigsville,VA
10203.8088,227537.9646,2314,Estaline Valley Road,Augusta,24430,Craigsville,VA
13048.4041,227570.3123,1738,Troxel Gap Road,Augusta,24430,Craigsville,VA
13041.0953,227527.9414,1720,Troxel Gap Road,Augusta,24430,Craigsville,VA
13157.4243,227527.6953,1715,Troxel Gap Road,Augusta,24430,Craigsville,VA
11184.3327,227484.9609,252,Meltons Lane,Augusta,24430,Craigsville,VA
12947.1685,227491.5027,1722,Troxel Gap Road,Augusta,24430,Craigsville,VA
11764.6839,227463.9535,248,Snyder Lane,Augusta,24430,Craigsville,VA
13028.3275,227452.4031,1710,Troxel Gap Road,Augusta,24430,Craigsville,VA
9739.4716,227353.9963,2435,Estaline Valley Road,Augusta,24430,Craigsville,VA
9696.3414,227324.9661,2445,Estaline Valley Road,Augusta,24430,Craigsville,VA
11625.21,227328.0999,397,Meltons Lane,Augusta,24430,Craigsville,VA
11269.5892,227285.7602,348,Meltons Lane,Augusta,24430,Craigsville,VA
11328.5582,227281.2135,376,Meltons Lane,Augusta,24430,Craigsville,VA
11254.3405,227231.9371,346,Meltons Lane,Augusta,24430,Craigsville,VA
11632.98,226824.2522,321,Meltons Lane,Augusta,24430,Craigsville,VA
13174.5293,231500.0184,938,Augusta Springs Road,Augusta,24430,Craigsville,VA
11436.811,230128.5532,109,Eagle Ridge Lane,Augusta,24430,Craigsville,VA
11847.0951,231416.4828,15,Sweet Spring Lane,Augusta,24430,Craigsville,VA
10074.7344,231322.0145,186,North Hancock Street,Augusta,24430,Craigsville,VA
10463.8393,231518.2406,175,North Central Avenue,Augusta,24430,Craigsville,VA
10653.8829,231586.3884,123,Brookhollow Road,Augusta,24430,Craigsville,VA
10604.0135,230361.5008,511,Bennett Springs Lane,Augusta,24430,Craigsville,VA
10796.3483,230704.1582,91,Quarry Road,Augusta,24430,Craigsville,VA
15063.1493,231389.5781,659,Estaline Valley Road,Augusta,24430,Craigsville,VA
9994.7388,229808.35,309,Bennett Springs Lane,Augusta,24430,Craigsville,VA
14734.9756,230192.1881,40,Hollow Lane,Augusta,24430,Craigsville,VA
11003.6787,231070.5672,262,East Craig Street,Augusta,24430,Craigsville,VA
9156.4937,231212.4454,30,Weaver Hill Lane,Augusta,24430,Craigsville,VA
15740.6647,231663.9963,594,Estaline Valley Road,Augusta,24430,Craigsville,VA
11737.0646,228453.8468,1840,Estaline Valley Road,Augusta,24430,Craigsville,VA
9316.7358,230051.9818,493,Railroad Avenue,Augusta,24430,Craigsville,VA
10749.4366,231316.8946,109,North Jackson Street,Augusta,24430,Craigsville,VA
9238.5931,230969.5527,20,Smokey Lane,Augusta,24430,Craigsville,VA
9196.9786,230969.0997,30,Smokey Lane,Augusta,24430,Craigsville,VA
9261.1117,231052.4501,15,Weaver Hill Lane,Augusta,24430,Craigsville,VA
10455.6596,230265.1763,469,Bennett Springs Lane,Augusta,24430,Craigsville,VA
9484.6419,230424.4748,94,North Poplar Avenue,Augusta,24430,Craigsville,VA
9503.6128,230387.6986,88,North Poplar Avenue,Augusta,24430,Craigsville,VA
9353.3415,229424.167,185,Bennett Springs Lane,Augusta,24430,Craigsville,VA
9711.5583,230949.9246,115,Oak Street,Augusta,24430,Craigsville,VA
9752.9665,230973.5226,111,Oak Street,Augusta,24430,Craigsville,VA
9796.5168,230722.5068,68,Cemetery Lane,Augusta,24430,Craigsville,VA
9413.0358,230403.6863,70,Stillwater Village Street,Augusta,24430,Craigsville,VA
9296.4929,230450.4673,298,Madison Street,Augusta,24430,Craigsville,VA
9245.4764,230428.7525,311,Madison Street,Augusta,24430,Craigsville,VA
9218.1565,230411.5277,321,Madison Street,Augusta,24430,Craigsville,VA
10312.9742,231073.4558,85,North Hancock Street,Augusta,24430,Craigsville,VA
10266.9693,231149.4641,105,North Hancock Street,Augusta,24430,Craigsville,VA
10664.7914,231444.5811,112,Brookhollow Road,Augusta,24430,Craigsville,VA
9355.6003,230372.79,60,Stillwater Village Street,Augusta,24430,Craigsville,VA
16092.2601,233979.4657,2897,Little Calf Pasture Highway,Augusta,24430,Craigsville,VA
15947.2837,233854.2382,68,Joyful Sound Lane,Augusta,24430,Craigsville,VA
15928.9675,233817.1168,64,Joyful Sound Lane,Augusta,24430,Craigsville,VA
15969.4962,233784.7088,45,Joyful Sound Lane,Augusta,24430,Craigsville,VA
14792.1653,233756.5879,15,Bonors Run Lane,Augusta,24430,Craigsville,VA
16467.7872,233778.0181,12,East Village Lane,Augusta,24430,Craigsville,VA
16524.9362,233764.543,2806,Little Calf Pasture Highway,Augusta,24430,Craigsville,VA
16473.3851,233739.337,16,East Village Lane,Augusta,24430,Craigsville,VA
16445.3158,233731.9725,15,East Village Lane,Augusta,24430,Craigsville,VA
16425.1456,233721.9349,17,East Village Lane,Augusta,24430,Craigsville,VA
14675.88,233702.454,47,Bonors Run Lane,Augusta,24430,Craigsville,VA
16242.5449,233602.4933,2864,Little Calf Pasture Highway,Augusta,24430,Craigsville,VA
14799.612,233647.6427,208,Stuart Knob Lane,Augusta,24430,Craigsville,VA
15960.34,233609.7349,8,Joyful Sound Lane,Augusta,24430,Craigsville,VA
16075.3725,233600.9292,9,West Village Circle,Augusta,24430,Craigsville,VA
16097.5395,233583.7176,13,West Village Circle,Augusta,24430,Craigsville,VA
16045.1181,233567.889,57,West Village Circle,Augusta,24430,Craigsville,VA
16115.7651,233561.3967,31,West Village Circle,Augusta,24430,Craigsville,VA
16058.5725,233552.1533,53,West Village Circle,Augusta,24430,Craigsville,VA
15660.1325,233545.7245,3011,Little Calf Pasture Highway,Augusta,24430,Craigsville,VA
16024.9196,233547.8638,20,Augusta Springs Road,Augusta,24430,Craigsville,VA
16075.9017,233540.0052,47,West Village Circle,Augusta,24430,Craigsville,VA
16045.106,233525.2029,52,West Village Circle,Augusta,24430,Craigsville,VA
16170.9621,233523.9555,2866,Little Calf Pasture Highway,Augusta,24430,Craigsville,VA
16056.8341,233513.2146,48,West Village Circle,Augusta,24430,Craigsville,VA
15107.784,233486.3004,3219,Little Calf Pasture Highway,Augusta,24430,Craigsville,VA
16009.9657,233500.2167,30,Augusta Springs Road,Augusta,24430,Craigsville,VA
15717.5386,233484.7409,3013,Little Calf Pasture Highway,Augusta,24430,Craigsville,VA
15582.2938,233479.8675,3037,Little Calf Pasture Highway,Augusta,24430,Craigsville,VA
15694.2389,233466.525,3027,Little Calf Pasture Highway,Augusta,24430,Craigsville,VA
16000.026,233459.4267,40,Augusta Springs Road,Augusta,24430,Craigsville,VA
15667.2923,233448.5088,3033,Little Calf Pasture Highway,Augusta,24430,Craigsville,VA
15892.8107,233432.6562,2976,Little Calf Pasture Highway,Augusta,24430,Craigsville,VA
15992.1286,233423.6783,44,Augusta Springs Road,Augusta,24430,Craigsville,VA
15619.3416,233405.2495,3045,Little Calf Pasture Highway,Augusta,24430,Craigsville,VA
15597.076,233382.7961,29,Old Whitetail Lane,Augusta,24430,Craigsville,VA
15779.7406,233372.5647,3024,Little Calf Pasture Highway,Augusta,24430,Craigsville,VA
15573.434,233363.3529,21,Old Whitetail Lane,Augusta,24430,Craigsville,VA
15964.2875,233355.8457,64,Augusta Springs Road,Augusta,24430,Craigsville,VA
15909.7742,233349.1,75,Augusta Springs Road,Augusta,24430,Craigsville,VA
15955.5852,233338.2415,68,Augusta Springs Road,Augusta,24430,Craigsville,VA
15893.091,233315.7258,77,Augusta Springs Road,Augusta,24430,Craigsville,VA
15636.8613,233307.2033,70,Kunkle Tanyard Road,Augusta,24430,Craigsville,VA
15809.1074,233306.372,27,Kunkle Tanyard Road,Augusta,24430,Craigsville,VA
15948.5077,233295.2722,6,Estaline Valley Road,Augusta,24430,Craigsville,VA
15877.0019,233288.4248,87,Augusta Springs Road,Augusta,24430,Craigsville,VA
15869.03,233276.7751,89,Augusta Springs Road,Augusta,24430,Craigsville,VA
15742.084,233254.6454,38,Kunkle Tanyard Road,Augusta,24430,Craigsville,VA
15853.3854,233250.2222,99,Augusta Springs Road,Augusta,24430,Craigsville,VA
16033.715,233250.4851,38,Estaline Valley Road,Augusta,24430,Craigsville,VA
15836.9931,233226.5804,105,Augusta Springs Road,Augusta,24430,Craigsville,VA
15824.829,233208.2339,113,Augusta Springs Road,Augusta,24430,Craigsville,VA
16550.7933,233202.0263,82,Goff Brothers Lane,Augusta,24430,Craigsville,VA
15745.4498,233189.1154,16,Kunkle Tanyard Road,Augusta,24430,Craigsville,VA
15810.8751,233186.4545,115,Augusta Springs Road,Augusta,24430,Craigsville,VA
16235.5371,233193.2361,86,Estaline Valley Road,Augusta,24430,Craigsville,VA
16015.7458,233182.8078,41,Estaline Valley Road,Augusta,24430,Craigsville,VA
15847.7364,233158.4174,122,Augusta Springs Road,Augusta,24430,Craigsville,VA
16243.7524,233157.1674,88,Estaline Valley Road,Augusta,24430,Craigsville,VA
15712.0567,233148.4435,18,Kunkle Tanyard Road,Augusta,24430,Craigsville,VA
15775.4386,233156.2364,133,Augusta Springs Road,Augusta,24430,Craigsville,VA
16600.5892,233154.5622,90,Goff Brothers Lane,Augusta,24430,Craigsville,VA
15830.2792,233136.1096,126,Augusta Springs Road,Augusta,24430,Craigsville,VA
15773.4391,233130.615,137,Augusta Springs Road,Augusta,24430,Craigsville,VA
15792.6932,233103.7306,132,Augusta Springs Road,Augusta,24430,Craigsville,VA
16083.5767,233107.2666,67,Estaline Valley Road,Augusta,24430,Craigsville,VA
15746.5475,233099.2233,143,Augusta Springs Road,Augusta,24430,Craigsville,VA
16386.7204,233101.8125,31,Goff Brothers Lane,Augusta,24430,Craigsville,VA
15735.4682,233084.8886,149,Augusta Springs Road,Augusta,24430,Craigsville,VA
15233.9647,233075.2388,3165,Little Calf Pasture Highway,Augusta,24430,Craigsville,VA
16446.6105,233081.9455,39,Goff Brothers Lane,Augusta,24430,Craigsville,VA
15724.0864,233067.3602,155,Augusta Springs Road,Augusta,24430,Craigsville,VA
16317.334,233068.7767,122,Estaline Valley Road,Augusta,24430,Craigsville,VA
15727.8263,233065.5241,155,Augusta Springs Road,Augusta,24430,Craigsville,VA
15755.7085,233058.5105,152,Augusta Springs Road,Augusta,24430,Craigsville,VA
15724.517,233062.7522,155,Augusta Springs Road,Augusta,24430,Craigsville,VA
15710.1746,233048.3208,165,Augusta Springs Road,Augusta,24430,Craigsville,VA
15735.051,233036.7134,158,Augusta Springs Road,Augusta,24430,Craigsville,VA
15696.0883,233031.3539,169,Augusta Springs Road,Augusta,24430,Craigsville,VA
15682.7559,233014.7583,171,Augusta Springs Road,Augusta,24430,Craigsville,VA
15669.9169,233008.9827,175,Augusta Springs Road,Augusta,24430,Craigsville,VA
15724.884,233006.0599,166,Augusta Springs Road,Augusta,24430,Craigsville,VA
16344.6961,233004.418,150,Estaline Valley Road,Augusta,24430,Craigsville,VA
15329.6747,232990.5305,41,Katie Drive,Augusta,24430,Craigsville,VA
15653.2682,232987.3626,181,Augusta Springs Road,Augusta,24430,Craigsville,VA
15299.5457,232978.0174,44,Katie Drive,Augusta,24430,Craigsville,VA
15336.7071,232972.8815,39,Katie Drive,Augusta,24430,Craigsville,VA
15559.1637,232970.221,201,Augusta Springs Road,Augusta,24430,Craigsville,VA
15351.0633,232954.5365,33,Katie Drive,Augusta,24430,Craigsville,VA
15314.9156,232950.9193,38,Katie Drive,Augusta,24430,Craigsville,VA
15264.5371,232942.5368,15,Charity Lane,Augusta,24430,Craigsville,VA
15236.9479,232938.758,3194,Little Calf Pasture Highway,Augusta,24430,Craigsville,VA
15296.8383,232933.3787,9,Charity Lane,Augusta,24430,Craigsville,VA
15246.8143,232926.6622,21,Charity Lane,Augusta,24430,Craigsville,VA
15332.6039,232921.666,28,Katie Drive,Augusta,24430,Craigsville,VA
15378.6399,232920.0832,17,Katie Drive,Augusta,24430,Craigsville,VA
15258.9331,232915.98,19,Charity Lane,Augusta,24430,Craigsville,VA
15470.2051,232906.0697,229,Augusta Springs Road,Augusta,24430,Craigsville,VA
16326.7058,232895.1628,151,Estaline Valley Road,Augusta,24430,Craigsville,VA
15133.5926,232872.8698,3226,Little Calf Pasture Highway,Augusta,24430,Craigsville,VA
14938.2425,232914.228,3275,Little Calf Pasture Highway,Augusta,24430,Craigsville,VA
15323.4329,232848.3836,14,Katie Drive,Augusta,24430,Craigsville,VA
15265.0748,232845.9387,279,Augusta Springs Road,Augusta,24430,Craigsville,VA
14831.9774,232832.409,3289,Little Calf Pasture Highway,Augusta,24430,Craigsville,VA
16266.6852,232826.7871,185,Estaline Valley Road,Augusta,24430,Craigsville,VA
15004.3934,232810.0316,3258,Little Calf Pasture Highway,Augusta,24430,Craigsville,VA
15275.9943,232810.5982,281,Augusta Springs Road,Augusta,24430,Craigsville,VA
14966.3087,232801.461,3274,Little Calf Pasture Highway,Augusta,24430,Craigsville,VA
15305.8594,232801.1269,283,Augusta Springs Road,Augusta,24430,Craigsville,VA
16378.5652,232802.7645,186,Estaline Valley Road,Augusta,24430,Craigsville,VA
14569.7613,232770.8704,3357,Little Calf Pasture Highway,Augusta,24430,Craigsville,VA
14504.6001,232771.3014,3377,Little Calf Pasture Highway,Augusta,24430,Craigsville,VA
15320.4094,232775.575,285,Augusta Springs Road,Augusta,24430,Craigsville,VA
15302.3668,232767.5164,291,Augusta Springs Road,Augusta,24430,Craigsville,VA
14269.3461,232757.7501,3449,Little Calf Pasture Highway,Augusta,24430,Craigsville,VA
16323.2741,232763.2345,188,Estaline Valley Road,Augusta,24430,Craigsville,VA
16549.2231,232762.6092,60,Pond Gap Lane,Augusta,24430,Craigsville,VA
16428.7361,232762.9293,35,Pond Gap Lane,Augusta,24430,Craigsville,VA
14473.4415,232739.4155,3379,Little Calf Pasture Highway,Augusta,24430,Craigsville,VA
14823.0485,232741.0666,3306,Little Calf Pasture Highway,Augusta,24430,Craigsville,VA
16229.8486,232755.4755,189,Estaline Valley Road,Augusta,24430,Craigsville,VA
16474.4255,232751.4486,43,Pond Gap Lane,Augusta,24430,Craigsville,VA
14440.5108,232715.593,3399,Little Calf Pasture Highway,Augusta,24430,Craigsville,VA
16594.4519,232738.8136,74,Pond Gap Lane,Augusta,24430,Craigsville,VA
14716.6461,232716.3247,3334,Little Calf Pasture Highway,Augusta,24430,Craigsville,VA
15006.3379,232702.824,3254,Little Calf Pasture Highway,Augusta,24430,Craigsville,VA
14375.1731,232689.1102,3435,Little Calf Pasture Highway,Augusta,24430,Craigsville,VA
15222.098,232691.9709,311,Augusta Springs Road,Augusta,24430,Craigsville,VA
14636.2485,232682.9918,3358,Little Calf Pasture Highway,Augusta,24430,Craigsville,VA
16730.8507,232706.4452,106,Pond Gap Lane,Augusta,24430,Craigsville,VA
16778.8444,232699.962,114,Pond Gap Lane,Augusta,24430,Craigsville,VA
16283.1787,232693.9471,204,Estaline Valley Road,Augusta,24430,Craigsville,VA
15175.4025,232679.2086,325,Augusta Springs Road,Augusta,24430,Craigsville,VA
15019.3136,232678.8336,361,Augusta Springs Road,Augusta,24430,Craigsville,VA
16201.9551,232671.2055,228,Estaline Valley Road,Augusta,24430,Craigsville,VA
16336.116,232659.9464,202,Estaline Valley Road,Augusta,24430,Craigsville,VA
15294.6984,232643.2038,316,Augusta Springs Road,Augusta,24430,Craigsville,VA
15082.6137,232643.0306,353,Augusta Springs Road,Augusta,24430,Craigsville,VA
14500.5491,232622.0949,3388,Little Calf Pasture Highway,Augusta,24430,Craigsville,VA
14110.7636,232605.5391,3469,Little Calf Pasture Highway,Augusta,24430,Craigsville,VA
16141.6011,232610.7031,248,Estaline Valley Road,Augusta,24430,Craigsville,VA
16642.5252,232617.4329,99,Pond Gap Lane,Augusta,24430,Craigsville,VA
14402.9895,232587.1035,3422,Little Calf Pasture Highway,Augusta,24430,Craigsville,VA
14328.1658,232568.4821,3436,Little Calf Pasture Highway,Augusta,24430,Craigsville,VA
14492.1334,232523.9731,3404,Little Calf Pasture Highway,Augusta,24430,Craigsville,VA
16798.5461,232541.134,15,Fridley Kent Lane,Augusta,24430,Craigsville,VA
16966.3553,232542.3563,167,Pond Gap Lane,Augusta,24430,Craigsville,VA
14338.6483,232509.529,3450,Little Calf Pasture Highway,Augusta,24430,Craigsville,VA
14989.5249,232660.9682,385,Augusta Springs Road,Augusta,24430,Craigsville,VA
17495.9748,233063.7213,156,Pond Gap Lane,Augusta,24430,Craigsville,VA
